<?xml version="1.0" encoding="UTF-8"?>

<mule xmlns:s3="http://www.mulesoft.org/schema/mule/s3" xmlns:http="http://www.mulesoft.org/schema/mule/http" xmlns:tracking="http://www.mulesoft.org/schema/mule/ee/tracking" xmlns="http://www.mulesoft.org/schema/mule/core" xmlns:doc="http://www.mulesoft.org/schema/mule/documentation"
	xmlns:spring="http://www.springframework.org/schema/beans" 
	xmlns:xsi="http://www.w3.org/2001/XMLSchema-instance"
	xsi:schemaLocation="http://www.springframework.org/schema/beans http://www.springframework.org/schema/beans/spring-beans-current.xsd
http://www.mulesoft.org/schema/mule/core http://www.mulesoft.org/schema/mule/core/current/mule.xsd
http://www.mulesoft.org/schema/mule/http http://www.mulesoft.org/schema/mule/http/current/mule-http.xsd
http://www.mulesoft.org/schema/mule/ee/tracking http://www.mulesoft.org/schema/mule/ee/tracking/current/mule-tracking-ee.xsd
http://www.mulesoft.org/schema/mule/s3 http://www.mulesoft.org/schema/mule/s3/current/mule-s3.xsd">
    <http:listener-config name="HTTP_Listener_Configuration" host="localhost" port="8081" doc:name="HTTP Listener Configuration"/>
    <flow name="fundementals_of_muleFlow">
        <http:listener config-ref="HTTP_Listener_Configuration" path="/" doc:name="HTTP" allowedMethods="GET" doc:description="Hi" parseRequest="false"/>
        <expression-filter expression="#[message.payload != 'favicon.ico']" doc:name="Expression"/>
        <set-variable doc:name="Set Language Variable" value="#[message.inboundProperties.'http.query.params'.language]" variableName="language"/>
        <choice doc:name="Choice12">
            <when expression="flowVars.language == 'Portuguese'">
                <set-payload doc:name="Reply in Portuguese" value="It's in Portuguesw"/>
            </when>
            <when expression="#[flowVars.language = 'French']">
                <set-payload doc:name="Reply in French" value="It's in French "/>
            </when>
            <otherwise>
                <set-variable variableName="language" value="the default  language" doc:name="Ser Default Language Variable"/>
                <set-payload value="Defult View" doc:name="Reply in Default" doc:description="Reply in Default View"/>
            </otherwise>
        </choice>
        <logger level="INFO" doc:name="Logger 123" message="The reply &quot;#[message.payload]&quot; Means &quot;Hello How are you?&quot; in #[flowVars.language]"/>
    </flow>
</mule>
